[
  {
    "city": "Sydney", 
    "lat": "-33.8678", 
    "lng": "151.2100", 
    "country": "Australia", 
    "iso2": "AU", 
    "admin_name": "New South Wales", 
    "capital": "admin", 
    "population": "4840600", 
    "population_proper": "4840600"
  }, 
  {
    "city": "Melbourne", 
    "lat": "-37.8142", 
    "lng": "144.9631", 
    "country": "Australia", 
    "iso2": "AU", 
    "admin_name": "Victoria", 
    "capital": "admin", 
    "population": "4529500", 
    "population_proper": "4529500"
  }, 
  {
    "city": "Brisbane", 
    "lat": "-27.4678", 
    "lng": "153.0281", 
    "country": "Australia", 
    "iso2": "AU", 
    "admin_name": "Queensland", 
    "capital": "admin", 
    "population": "2360241", 
    "population_proper": "2360241"
  }, 
  {
    "city": "Perth", 
    "lat": "-31.9559", 
    "lng": "115.8606", 
    "country": "Australia", 
    "iso2": "AU", 
    "admin_name": "Western Australia", 
    "capital": "admin", 
    "population": "2141834", 
    "population_proper": "2141834"
  }, 
  {
    "city": "Adelaide", 
    "lat": "-34.9275", 
    "lng": "138.6000", 
    "country": "Australia", 
    "iso2": "AU", 
    "admin_name": "South Australia", 
    "capital": "admin", 
    "population": "1295714", 
    "population_proper": "1295714"
  }, 
  {
    "city": "Gold Coast", 
    "lat": "-28.0167", 
    "lng": "153.4000", 
    "country": "Australia", 
    "iso2": "AU", 
    "admin_name": "Queensland", 
    "capital": "", 
    "population": "638090", 
    "population_proper": "638090"
  }, 
  {
    "city": "Cranbourne", 
    "lat": "-38.0996", 
    "lng": "145.2834", 
    "country": "Australia", 
    "iso2": "AU", 
    "admin_name": "Victoria", 
    "capital": "", 
    "population": "460491", 
    "population_proper": "460491"
  }, 
  {
    "city": "Canberra", 
    "lat": "-35.2931", 
    "lng": "149.1269", 
    "country": "Australia", 
    "iso2": "AU", 
    "admin_name": "Australian Capital Territory", 
    "capital": "primary", 
    "population": "381488", 
    "population_proper": "381488"
  }, 
  {
    "city": "Central Coast", 
    "lat": "-33.3000", 
    "lng": "151.2000", 
    "country": "Australia", 
    "iso2": "AU", 
    "admin_name": "New South Wales", 
    "capital": "", 
    "population": "346596", 
    "population_proper": "346596"
  }, 
  {
    "city": "Wollongong", 
    "lat": "-34.4331", 
    "lng": "150.8831", 
    "country": "Australia", 
    "iso2": "AU", 
    "admin_name": "New South Wales", 
    "capital": "", 
    "population": "261896", 
    "population_proper": "261896"
  }, 
  {
    "city": "Hobart", 
    "lat": "-42.8806", 
    "lng": "147.3250", 
    "country": "Australia", 
    "iso2": "AU", 
    "admin_name": "Tasmania", 
    "capital": "admin", 
    "population": "222356", 
    "population_proper": "222356"
  }, 
  {
    "city": "Geelong", 
    "lat": "-38.1500", 
    "lng": "144.3500", 
    "country": "Australia", 
    "iso2": "AU", 
    "admin_name": "Victoria", 
    "capital": "", 
    "population": "184182", 
    "population_proper": "184182"
  }, 
  {
    "city": "Townsville", 
    "lat": "-19.2500", 
    "lng": "146.8167", 
    "country": "Australia", 
    "iso2": "AU", 
    "admin_name": "Queensland", 
    "capital": "", 
    "population": "178649", 
    "population_proper": "173724"
  }, 
  {
    "city": "Ipswich", 
    "lat": "-27.6167", 
    "lng": "152.7667", 
    "country": "Australia", 
    "iso2": "AU", 
    "admin_name": "Queensland", 
    "capital": "", 
    "population": "163000", 
    "population_proper": "163000"
  }, 
  {
    "city": "Newcastle", 
    "lat": "-32.9167", 
    "lng": "151.7500", 
    "country": "Australia", 
    "iso2": "AU", 
    "admin_name": "New South Wales", 
    "capital": "", 
    "population": "152984", 
    "population_proper": "152984"
  }, 
  {
    "city": "Cairns", 
    "lat": "-16.9200", 
    "lng": "145.7800", 
    "country": "Australia", 
    "iso2": "AU", 
    "admin_name": "Queensland", 
    "capital": "", 
    "population": "146778", 
    "population_proper": "146778"
  }, 
  {
    "city": "Darwin", 
    "lat": "-12.4381", 
    "lng": "130.8411", 
    "country": "Australia", 
    "iso2": "AU", 
    "admin_name": "Northern Territory", 
    "capital": "admin", 
    "population": "136828", 
    "population_proper": "136828"
  }, 
  {
    "city": "Toowoomba", 
    "lat": "-27.5667", 
    "lng": "151.9500", 
    "country": "Australia", 
    "iso2": "AU", 
    "admin_name": "Queensland", 
    "capital": "", 
    "population": "135631", 
    "population_proper": "108398"
  }, 
  {
    "city": "Launceston", 
    "lat": "-41.4419", 
    "lng": "147.1450", 
    "country": "Australia", 
    "iso2": "AU", 
    "admin_name": "Tasmania", 
    "capital": "", 
    "population": "106153", 
    "population_proper": "106153"
  }, 
  {
    "city": "Ballarat", 
    "lat": "-37.5608", 
    "lng": "143.8475", 
    "country": "Australia", 
    "iso2": "AU", 
    "admin_name": "Victoria", 
    "capital": "", 
    "population": "98543", 
    "population_proper": "98543"
  }, 
  {
    "city": "Bendigo", 
    "lat": "-36.7500", 
    "lng": "144.2667", 
    "country": "Australia", 
    "iso2": "AU", 
    "admin_name": "Victoria", 
    "capital": "", 
    "population": "95587", 
    "population_proper": "95587"
  }, 
  {
    "city": "Mackay", 
    "lat": "-21.1411", 
    "lng": "149.1858", 
    "country": "Australia", 
    "iso2": "AU", 
    "admin_name": "Queensland", 
    "capital": "", 
    "population": "72900", 
    "population_proper": "72900"
  }, 
  {
    "city": "Wagga Wagga", 
    "lat": "-35.1189", 
    "lng": "147.3689", 
    "country": "Australia", 
    "iso2": "AU", 
    "admin_name": "New South Wales", 
    "capital": "", 
    "population": "67364", 
    "population_proper": "67364"
  }, 
  {
    "city": "Hervey Bay", 
    "lat": "-25.2900", 
    "lng": "152.8400", 
    "country": "Australia", 
    "iso2": "AU", 
    "admin_name": "Queensland", 
    "capital": "", 
    "population": "54674", 
    "population_proper": "54674"
  }, 
  {
    "city": "Pakenham", 
    "lat": "-38.0712", 
    "lng": "145.4878", 
    "country": "Australia", 
    "iso2": "AU", 
    "admin_name": "Victoria", 
    "capital": "", 
    "population": "46421", 
    "population_proper": "46421"
  }, 
  {
    "city": "Port Macquarie", 
    "lat": "-31.4333", 
    "lng": "152.9000", 
    "country": "Australia", 
    "iso2": "AU", 
    "admin_name": "New South Wales", 
    "capital": "", 
    "population": "44830", 
    "population_proper": "44830"
  }, 
  {
    "city": "Caloundra", 
    "lat": "-26.7986", 
    "lng": "153.1289", 
    "country": "Australia", 
    "iso2": "AU", 
    "admin_name": "Queensland", 
    "capital": "", 
    "population": "41293", 
    "population_proper": "41293"
  }, 
  {
    "city": "Frankston", 
    "lat": "-38.1580", 
    "lng": "145.1350", 
    "country": "Australia", 
    "iso2": "AU", 
    "admin_name": "Victoria", 
    "capital": "", 
    "population": "36097", 
    "population_proper": "36097"
  }, 
  {
    "city": "Sunbury", 
    "lat": "-37.5811", 
    "lng": "144.7139", 
    "country": "Australia", 
    "iso2": "AU", 
    "admin_name": "Victoria", 
    "capital": "", 
    "population": "36084", 
    "population_proper": "36084"
  }, 
  {
    "city": "Gladstone", 
    "lat": "-23.8427", 
    "lng": "151.2555", 
    "country": "Australia", 
    "iso2": "AU", 
    "admin_name": "Queensland", 
    "capital": "", 
    "population": "34703", 
    "population_proper": "34703"
  }, 
  {
    "city": "Bathurst", 
    "lat": "-33.4200", 
    "lng": "149.5778", 
    "country": "Australia", 
    "iso2": "AU", 
    "admin_name": "New South Wales", 
    "capital": "", 
    "population": "34303", 
    "population_proper": "34303"
  }, 
  {
    "city": "Mildura", 
    "lat": "-34.1889", 
    "lng": "142.1583", 
    "country": "Australia", 
    "iso2": "AU", 
    "admin_name": "Victoria", 
    "capital": "", 
    "population": "32738", 
    "population_proper": "32738"
  }, 
  {
    "city": "Southport", 
    "lat": "-27.9667", 
    "lng": "153.4000", 
    "country": "Australia", 
    "iso2": "AU", 
    "admin_name": "Queensland", 
    "capital": "", 
    "population": "31908", 
    "population_proper": "31908"
  }, 
  {
    "city": "Dandenong", 
    "lat": "-37.9810", 
    "lng": "145.2150", 
    "country": "Australia", 
    "iso2": "AU", 
    "admin_name": "Victoria", 
    "capital": "", 
    "population": "29906", 
    "population_proper": "29906"
  }, 
  {
    "city": "Warrnambool", 
    "lat": "-38.3833", 
    "lng": "142.4833", 
    "country": "Australia", 
    "iso2": "AU", 
    "admin_name": "Victoria", 
    "capital": "", 
    "population": "29661", 
    "population_proper": "29661"
  }, 
  {
    "city": "Burnie", 
    "lat": "-41.0636", 
    "lng": "145.8753", 
    "country": "Australia", 
    "iso2": "AU", 
    "admin_name": "Tasmania", 
    "capital": "", 
    "population": "27174", 
    "population_proper": "19918"
  }, 
  {
    "city": "Quakers Hill", 
    "lat": "-33.7344", 
    "lng": "150.8789", 
    "country": "Australia", 
    "iso2": "AU", 
    "admin_name": "New South Wales", 
    "capital": "", 
    "population": "27080", 
    "population_proper": "27080"
  }, 
  {
    "city": "Caboolture", 
    "lat": "-27.0667", 
    "lng": "152.9670", 
    "country": "Australia", 
    "iso2": "AU", 
    "admin_name": "Queensland", 
    "capital": "", 
    "population": "26433", 
    "population_proper": "26433"
  }, 
  {
    "city": "Mount Gambier", 
    "lat": "-37.8294", 
    "lng": "140.7828", 
    "country": "Australia", 
    "iso2": "AU", 
    "admin_name": "South Australia", 
    "capital": "", 
    "population": "25591", 
    "population_proper": "25591"
  }, 
  {
    "city": "Traralgon", 
    "lat": "-38.1958", 
    "lng": "146.5403", 
    "country": "Australia", 
    "iso2": "AU", 
    "admin_name": "Victoria", 
    "capital": "", 
    "population": "24933", 
    "population_proper": "24933"
  }, 
  {
    "city": "Armidale", 
    "lat": "-30.5000", 
    "lng": "151.6500", 
    "country": "Australia", 
    "iso2": "AU", 
    "admin_name": "New South Wales", 
    "capital": "", 
    "population": "23352", 
    "population_proper": "23352"
  }, 
  {
    "city": "Whyalla", 
    "lat": "-33.0333", 
    "lng": "137.5667", 
    "country": "Australia", 
    "iso2": "AU", 
    "admin_name": "South Australia", 
    "capital": "", 
    "population": "21501", 
    "population_proper": "21501"
  }, 
  {
    "city": "Griffith", 
    "lat": "-34.2900", 
    "lng": "146.0400", 
    "country": "Australia", 
    "iso2": "AU", 
    "admin_name": "New South Wales", 
    "capital": "", 
    "population": "18196", 
    "population_proper": "18196"
  }, 
  {
    "city": "Mount Eliza", 
    "lat": "-38.1890", 
    "lng": "145.0920", 
    "country": "Australia", 
    "iso2": "AU", 
    "admin_name": "Victoria", 
    "capital": "", 
    "population": "17888", 
    "population_proper": "17888"
  }, 
  {
    "city": "Nerang", 
    "lat": "-27.9956", 
    "lng": "153.3220", 
    "country": "Australia", 
    "iso2": "AU", 
    "admin_name": "Queensland", 
    "capital": "", 
    "population": "16864", 
    "population_proper": "16864"
  }, 
  {
    "city": "Lara", 
    "lat": "-38.0167", 
    "lng": "144.4167", 
    "country": "Australia", 
    "iso2": "AU", 
    "admin_name": "Victoria", 
    "capital": "", 
    "population": "16355", 
    "population_proper": "16355"
  }, 
  {
    "city": "Taree", 
    "lat": "-31.9000", 
    "lng": "152.4500", 
    "country": "Australia", 
    "iso2": "AU", 
    "admin_name": "New South Wales", 
    "capital": "", 
    "population": "16197", 
    "population_proper": "16197"
  }, 
  {
    "city": "Banora Point", 
    "lat": "-28.2225", 
    "lng": "153.5386", 
    "country": "Australia", 
    "iso2": "AU", 
    "admin_name": "New South Wales", 
    "capital": "", 
    "population": "16167", 
    "population_proper": "16167"
  }, 
  {
    "city": "Warragul", 
    "lat": "-38.1500", 
    "lng": "145.9333", 
    "country": "Australia", 
    "iso2": "AU", 
    "admin_name": "Victoria", 
    "capital": "", 
    "population": "15757", 
    "population_proper": "15757"
  }, 
  {
    "city": "Cessnock", 
    "lat": "-32.8342", 
    "lng": "151.3555", 
    "country": "Australia", 
    "iso2": "AU", 
    "admin_name": "New South Wales", 
    "capital": "", 
    "population": "15177", 
    "population_proper": "15177"
  }, 
  {
    "city": "Horsham", 
    "lat": "-36.7167", 
    "lng": "142.2000", 
    "country": "Australia", 
    "iso2": "AU", 
    "admin_name": "Victoria", 
    "capital": "", 
    "population": "14543", 
    "population_proper": "14543"
  }, 
  {
    "city": "Australind", 
    "lat": "-33.2800", 
    "lng": "115.7260", 
    "country": "Australia", 
    "iso2": "AU", 
    "admin_name": "Western Australia", 
    "capital": "", 
    "population": "14539", 
    "population_proper": "14539"
  }, 
  {
    "city": "Barwon Heads", 
    "lat": "-38.2500", 
    "lng": "144.5167", 
    "country": "Australia", 
    "iso2": "AU", 
    "admin_name": "Victoria", 
    "capital": "", 
    "population": "14165", 
    "population_proper": "14165"
  }, 
  {
    "city": "Ulverstone", 
    "lat": "-41.1667", 
    "lng": "146.1667", 
    "country": "Australia", 
    "iso2": "AU", 
    "admin_name": "Tasmania", 
    "capital": "", 
    "population": "14109", 
    "population_proper": "6653"
  }, 
  {
    "city": "Echuca", 
    "lat": "-36.1333", 
    "lng": "144.7500", 
    "country": "Australia", 
    "iso2": "AU", 
    "admin_name": "Victoria", 
    "capital": "", 
    "population": "14043", 
    "population_proper": "14043"
  }, 
  {
    "city": "Mount Barker", 
    "lat": "-35.0667", 
    "lng": "138.8500", 
    "country": "Australia", 
    "iso2": "AU", 
    "admin_name": "South Australia", 
    "capital": "", 
    "population": "13842", 
    "population_proper": "13842"
  }, 
  {
    "city": "Morwell", 
    "lat": "-38.2333", 
    "lng": "146.4000", 
    "country": "Australia", 
    "iso2": "AU", 
    "admin_name": "Victoria", 
    "capital": "", 
    "population": "13771", 
    "population_proper": "13771"
  }, 
  {
    "city": "Forster", 
    "lat": "-32.1806", 
    "lng": "152.5117", 
    "country": "Australia", 
    "iso2": "AU", 
    "admin_name": "New South Wales", 
    "capital": "", 
    "population": "13740", 
    "population_proper": "13740"
  }, 
  {
    "city": "Bongaree", 
    "lat": "-27.0813", 
    "lng": "153.1636", 
    "country": "Australia", 
    "iso2": "AU", 
    "admin_name": "Queensland", 
    "capital": "", 
    "population": "13649", 
    "population_proper": "6947"
  }, 
  {
    "city": "Penrith", 
    "lat": "-33.7511", 
    "lng": "150.6942", 
    "country": "Australia", 
    "iso2": "AU", 
    "admin_name": "New South Wales", 
    "capital": "", 
    "population": "13295", 
    "population_proper": "13295"
  }, 
  {
    "city": "Goonellabah", 
    "lat": "-28.8167", 
    "lng": "153.3167", 
    "country": "Australia", 
    "iso2": "AU", 
    "admin_name": "New South Wales", 
    "capital": "", 
    "population": "12900", 
    "population_proper": "12900"
  }, 
  {
    "city": "Leopold", 
    "lat": "-38.1892", 
    "lng": "144.4644", 
    "country": "Australia", 
    "iso2": "AU", 
    "admin_name": "Victoria", 
    "capital": "", 
    "population": "12814", 
    "population_proper": "12814"
  }, 
  {
    "city": "Campbelltown", 
    "lat": "-34.0733", 
    "lng": "150.8261", 
    "country": "Australia", 
    "iso2": "AU", 
    "admin_name": "New South Wales", 
    "capital": "", 
    "population": "12566", 
    "population_proper": "12566"
  }, 
  {
    "city": "Muswellbrook", 
    "lat": "-32.2654", 
    "lng": "150.8885", 
    "country": "Australia", 
    "iso2": "AU", 
    "admin_name": "New South Wales", 
    "capital": "", 
    "population": "12075", 
    "population_proper": "12075"
  }, 
  {
    "city": "Rutherford", 
    "lat": "-32.7150", 
    "lng": "151.5317", 
    "country": "Australia", 
    "iso2": "AU", 
    "admin_name": "New South Wales", 
    "capital": "", 
    "population": "11884", 
    "population_proper": "11884"
  }, 
  {
    "city": "Inverell", 
    "lat": "-29.7667", 
    "lng": "151.1167", 
    "country": "Australia", 
    "iso2": "AU", 
    "admin_name": "New South Wales", 
    "capital": "", 
    "population": "11660", 
    "population_proper": "11660"
  }, 
  {
    "city": "Parkes", 
    "lat": "-33.1330", 
    "lng": "148.1760", 
    "country": "Australia", 
    "iso2": "AU", 
    "admin_name": "New South Wales", 
    "capital": "", 
    "population": "11408", 
    "population_proper": "11324"
  }, 
  {
    "city": "Nambour", 
    "lat": "-26.6269", 
    "lng": "152.9591", 
    "country": "Australia", 
    "iso2": "AU", 
    "admin_name": "Queensland", 
    "capital": "", 
    "population": "11187", 
    "population_proper": "11187"
  }, 
  {
    "city": "Mareeba", 
    "lat": "-16.9833", 
    "lng": "145.4167", 
    "country": "Australia", 
    "iso2": "AU", 
    "admin_name": "Queensland", 
    "capital": "", 
    "population": "11079", 
    "population_proper": "11079"
  }, 
  {
    "city": "Wallan", 
    "lat": "-37.4167", 
    "lng": "144.9833", 
    "country": "Australia", 
    "iso2": "AU", 
    "admin_name": "Victoria", 
    "capital": "", 
    "population": "11074", 
    "population_proper": "11074"
  }, 
  {
    "city": "Corinda", 
    "lat": "-27.4833", 
    "lng": "153.1000", 
    "country": "Australia", 
    "iso2": "AU", 
    "admin_name": "Queensland", 
    "capital": "", 
    "population": "11019", 
    "population_proper": "11019"
  }, 
  {
    "city": "Casino", 
    "lat": "-28.8667", 
    "lng": "153.0500", 
    "country": "Australia", 
    "iso2": "AU", 
    "admin_name": "New South Wales", 
    "capital": "", 
    "population": "10914", 
    "population_proper": "10914"
  }, 
  {
    "city": "Gympie", 
    "lat": "-26.1900", 
    "lng": "152.6655", 
    "country": "Australia", 
    "iso2": "AU", 
    "admin_name": "Queensland", 
    "capital": "", 
    "population": "10803", 
    "population_proper": "10803"
  }, 
  {
    "city": "Kingston", 
    "lat": "-42.9769", 
    "lng": "147.3083", 
    "country": "Australia", 
    "iso2": "AU", 
    "admin_name": "Tasmania", 
    "capital": "", 
    "population": "10409", 
    "population_proper": "10409"
  }, 
  {
    "city": "Grafton", 
    "lat": "-29.6833", 
    "lng": "152.9333", 
    "country": "Australia", 
    "iso2": "AU", 
    "admin_name": "New South Wales", 
    "capital": "", 
    "population": "10408", 
    "population_proper": "10408"
  }, 
  {
    "city": "Bowral", 
    "lat": "-34.4792", 
    "lng": "150.4181", 
    "country": "Australia", 
    "iso2": "AU", 
    "admin_name": "New South Wales", 
    "capital": "", 
    "population": "10335", 
    "population_proper": "10335"
  }, 
  {
    "city": "Young", 
    "lat": "-34.3000", 
    "lng": "148.3000", 
    "country": "Australia", 
    "iso2": "AU", 
    "admin_name": "New South Wales", 
    "capital": "", 
    "population": "10295", 
    "population_proper": "10295"
  }, 
  {
    "city": "Cowra", 
    "lat": "-33.8183", 
    "lng": "148.6578", 
    "country": "Australia", 
    "iso2": "AU", 
    "admin_name": "New South Wales", 
    "capital": "", 
    "population": "10063", 
    "population_proper": "10063"
  }, 
  {
    "city": "Swan Hill", 
    "lat": "-35.3333", 
    "lng": "143.5500", 
    "country": "Australia", 
    "iso2": "AU", 
    "admin_name": "Victoria", 
    "capital": "", 
    "population": "9864", 
    "population_proper": "9864"
  }, 
  {
    "city": "Mudgee", 
    "lat": "-32.6125", 
    "lng": "149.5872", 
    "country": "Australia", 
    "iso2": "AU", 
    "admin_name": "New South Wales", 
    "capital": "", 
    "population": "9830", 
    "population_proper": "9830"
  }, 
  {
    "city": "Mount Evelyn", 
    "lat": "-37.7830", 
    "lng": "145.3850", 
    "country": "Australia", 
    "iso2": "AU", 
    "admin_name": "Victoria", 
    "capital": "", 
    "population": "9702", 
    "population_proper": "9702"
  }, 
  {
    "city": "Andergrove", 
    "lat": "-21.0931", 
    "lng": "149.1860", 
    "country": "Australia", 
    "iso2": "AU", 
    "admin_name": "Queensland", 
    "capital": "", 
    "population": "9419", 
    "population_proper": "9419"
  }, 
  {
    "city": "Moree", 
    "lat": "-29.4650", 
    "lng": "149.8344", 
    "country": "Australia", 
    "iso2": "AU", 
    "admin_name": "New South Wales", 
    "capital": "", 
    "population": "9311", 
    "population_proper": "8962"
  }, 
  {
    "city": "Nowra", 
    "lat": "-34.8808", 
    "lng": "150.6075", 
    "country": "Australia", 
    "iso2": "AU", 
    "admin_name": "New South Wales", 
    "capital": "", 
    "population": "9193", 
    "population_proper": "9193"
  }, 
  {
    "city": "Colac", 
    "lat": "-38.3403", 
    "lng": "143.5847", 
    "country": "Australia", 
    "iso2": "AU", 
    "admin_name": "Victoria", 
    "capital": "", 
    "population": "9048", 
    "population_proper": "9048"
  }, 
  {
    "city": "Yanchep", 
    "lat": "-31.5500", 
    "lng": "115.6340", 
    "country": "Australia", 
    "iso2": "AU", 
    "admin_name": "Western Australia", 
    "capital": "", 
    "population": "8859", 
    "population_proper": "8859"
  }, 
  {
    "city": "Ballina", 
    "lat": "-28.8333", 
    "lng": "153.5333", 
    "country": "Australia", 
    "iso2": "AU", 
    "admin_name": "New South Wales", 
    "capital": "", 
    "population": "8655", 
    "population_proper": "8655"
  }, 
  {
    "city": "Leeton", 
    "lat": "-34.5667", 
    "lng": "146.4000", 
    "country": "Australia", 
    "iso2": "AU", 
    "admin_name": "New South Wales", 
    "capital": "", 
    "population": "8623", 
    "population_proper": "8623"
  }, 
  {
    "city": "Moss Vale", 
    "lat": "-34.5500", 
    "lng": "150.3833", 
    "country": "Australia", 
    "iso2": "AU", 
    "admin_name": "New South Wales", 
    "capital": "", 
    "population": "8579", 
    "population_proper": "8579"
  }, 
  {
    "city": "Springwood", 
    "lat": "-33.7036", 
    "lng": "150.5500", 
    "country": "Australia", 
    "iso2": "AU", 
    "admin_name": "New South Wales", 
    "capital": "", 
    "population": "8475", 
    "population_proper": "8423"
  }, 
  {
    "city": "Emu Plains", 
    "lat": "-33.7483", 
    "lng": "150.6678", 
    "country": "Australia", 
    "iso2": "AU", 
    "admin_name": "New South Wales", 
    "capital": "", 
    "population": "8421", 
    "population_proper": "8126"
  }, 
  {
    "city": "Ararat", 
    "lat": "-37.2833", 
    "lng": "142.9167", 
    "country": "Australia", 
    "iso2": "AU", 
    "admin_name": "Victoria", 
    "capital": "", 
    "population": "8297", 
    "population_proper": "8297"
  }, 
  {
    "city": "Tweed Heads", 
    "lat": "-28.1833", 
    "lng": "153.5500", 
    "country": "Australia", 
    "iso2": "AU", 
    "admin_name": "New South Wales", 
    "capital": "", 
    "population": "8176", 
    "population_proper": "8176"
  }, 
  {
    "city": "Charters Towers", 
    "lat": "-20.0765", 
    "lng": "146.2614", 
    "country": "Australia", 
    "iso2": "AU", 
    "admin_name": "Queensland", 
    "capital": "", 
    "population": "8126", 
    "population_proper": "8040"
  }, 
  {
    "city": "Katoomba", 
    "lat": "-33.7150", 
    "lng": "150.3120", 
    "country": "Australia", 
    "iso2": "AU", 
    "admin_name": "New South Wales", 
    "capital": "", 
    "population": "7964", 
    "population_proper": "7964"
  }, 
  {
    "city": "Mooroopna", 
    "lat": "-36.3833", 
    "lng": "145.3500", 
    "country": "Australia", 
    "iso2": "AU", 
    "admin_name": "Victoria", 
    "capital": "", 
    "population": "7942", 
    "population_proper": "7942"
  }, 
  {
    "city": "Maryborough", 
    "lat": "-37.0500", 
    "lng": "143.7350", 
    "country": "Australia", 
    "iso2": "AU", 
    "admin_name": "Victoria", 
    "capital": "", 
    "population": "7921", 
    "population_proper": "7921"
  }, 
  {
    "city": "Deniliquin", 
    "lat": "-35.5331", 
    "lng": "144.9667", 
    "country": "Australia", 
    "iso2": "AU", 
    "admin_name": "New South Wales", 
    "capital": "", 
    "population": "7862", 
    "population_proper": "7432"
  }, 
  {
    "city": "Mandurah", 
    "lat": "-32.5289", 
    "lng": "115.7231", 
    "country": "Australia", 
    "iso2": "AU", 
    "admin_name": "Western Australia", 
    "capital": "", 
    "population": "7837", 
    "population_proper": "7837"
  }, 
  {
    "city": "Bli Bli", 
    "lat": "-26.6180", 
    "lng": "153.0370", 
    "country": "Australia", 
    "iso2": "AU", 
    "admin_name": "Queensland", 
    "capital": "", 
    "population": "7801", 
    "population_proper": "7801"
  }, 
  {
    "city": "Narrabri", 
    "lat": "-30.3317", 
    "lng": "149.7678", 
    "country": "Australia", 
    "iso2": "AU", 
    "admin_name": "New South Wales", 
    "capital": "", 
    "population": "7606", 
    "population_proper": "7327"
  }, 
  {
    "city": "Clifton Springs", 
    "lat": "-38.1500", 
    "lng": "144.5667", 
    "country": "Australia", 
    "iso2": "AU", 
    "admin_name": "Victoria", 
    "capital": "", 
    "population": "7519", 
    "population_proper": "7519"
  }, 
  {
    "city": "Bargara", 
    "lat": "-24.8205", 
    "lng": "152.4625", 
    "country": "Australia", 
    "iso2": "AU", 
    "admin_name": "Queensland", 
    "capital": "", 
    "population": "7485", 
    "population_proper": "7485"
  }, 
  {
    "city": "Kingscliff", 
    "lat": "-28.2617", 
    "lng": "153.5769", 
    "country": "Australia", 
    "iso2": "AU", 
    "admin_name": "New South Wales", 
    "capital": "", 
    "population": "7464", 
    "population_proper": "7464"
  }, 
  {
    "city": "Healesville", 
    "lat": "-37.6561", 
    "lng": "145.5139", 
    "country": "Australia", 
    "iso2": "AU", 
    "admin_name": "Victoria", 
    "capital": "", 
    "population": "7461", 
    "population_proper": "7461"
  }, 
  {
    "city": "Fremantle", 
    "lat": "-32.0542", 
    "lng": "115.7476", 
    "country": "Australia", 
    "iso2": "AU", 
    "admin_name": "Western Australia", 
    "capital": "", 
    "population": "7459", 
    "population_proper": "7459"
  }, 
  {
    "city": "Blaxland", 
    "lat": "-33.7500", 
    "lng": "150.6167", 
    "country": "Australia", 
    "iso2": "AU", 
    "admin_name": "New South Wales", 
    "capital": "", 
    "population": "7451", 
    "population_proper": "7434"
  }, 
  {
    "city": "Kyabram", 
    "lat": "-36.3167", 
    "lng": "145.0500", 
    "country": "Australia", 
    "iso2": "AU", 
    "admin_name": "Victoria", 
    "capital": "", 
    "population": "7331", 
    "population_proper": "7331"
  }, 
  {
    "city": "Sanctuary Point", 
    "lat": "-35.1036", 
    "lng": "150.6267", 
    "country": "Australia", 
    "iso2": "AU", 
    "admin_name": "New South Wales", 
    "capital": "", 
    "population": "7225", 
    "population_proper": "7225"
  }, 
  {
    "city": "Merrimac", 
    "lat": "-28.0500", 
    "lng": "153.3667", 
    "country": "Australia", 
    "iso2": "AU", 
    "admin_name": "New South Wales", 
    "capital": "", 
    "population": "7071", 
    "population_proper": "7071"
  }, 
  {
    "city": "Murwillumbah", 
    "lat": "-28.3333", 
    "lng": "153.3833", 
    "country": "Australia", 
    "iso2": "AU", 
    "admin_name": "New South Wales", 
    "capital": "", 
    "population": "7032", 
    "population_proper": "7032"
  }, 
  {
    "city": "Urraween", 
    "lat": "-25.2955", 
    "lng": "152.8219", 
    "country": "Australia", 
    "iso2": "AU", 
    "admin_name": "Queensland", 
    "capital": "", 
    "population": "6969", 
    "population_proper": "6969"
  }, 
  {
    "city": "Kyneton", 
    "lat": "-37.2470", 
    "lng": "144.4550", 
    "country": "Australia", 
    "iso2": "AU", 
    "admin_name": "Victoria", 
    "capital": "", 
    "population": "6951", 
    "population_proper": "6951"
  }, 
  {
    "city": "Cootamundra", 
    "lat": "-34.6483", 
    "lng": "148.0344", 
    "country": "Australia", 
    "iso2": "AU", 
    "admin_name": "New South Wales", 
    "capital": "", 
    "population": "6782", 
    "population_proper": "6782"
  }, 
  {
    "city": "Castlemaine", 
    "lat": "-37.0636", 
    "lng": "144.2172", 
    "country": "Australia", 
    "iso2": "AU", 
    "admin_name": "Victoria", 
    "capital": "", 
    "population": "6757", 
    "population_proper": "6757"
  }, 
  {
    "city": "Bomaderry", 
    "lat": "-34.8480", 
    "lng": "150.6050", 
    "country": "Australia", 
    "iso2": "AU", 
    "admin_name": "New South Wales", 
    "capital": "", 
    "population": "6661", 
    "population_proper": "6661"
  }, 
  {
    "city": "Helensburgh", 
    "lat": "-34.1889", 
    "lng": "150.9811", 
    "country": "Australia", 
    "iso2": "AU", 
    "admin_name": "New South Wales", 
    "capital": "", 
    "population": "6576", 
    "population_proper": "6576"
  }, 
  {
    "city": "Port Augusta", 
    "lat": "-32.4925", 
    "lng": "137.7658", 
    "country": "Australia", 
    "iso2": "AU", 
    "admin_name": "South Australia", 
    "capital": "", 
    "population": "6562", 
    "population_proper": "6562"
  }, 
  {
    "city": "Yass", 
    "lat": "-34.8203", 
    "lng": "148.9136", 
    "country": "Australia", 
    "iso2": "AU", 
    "admin_name": "New South Wales", 
    "capital": "", 
    "population": "6506", 
    "population_proper": "6506"
  }, 
  {
    "city": "Strathalbyn", 
    "lat": "-35.2667", 
    "lng": "138.9000", 
    "country": "Australia", 
    "iso2": "AU", 
    "admin_name": "South Australia", 
    "capital": "", 
    "population": "6504", 
    "population_proper": "6504"
  }, 
  {
    "city": "Burpengary", 
    "lat": "-27.1442", 
    "lng": "153.0000", 
    "country": "Australia", 
    "iso2": "AU", 
    "admin_name": "Queensland", 
    "capital": "", 
    "population": "6433", 
    "population_proper": "6433"
  }, 
  {
    "city": "Waterford", 
    "lat": "-27.6906", 
    "lng": "153.1332", 
    "country": "Australia", 
    "iso2": "AU", 
    "admin_name": "Queensland", 
    "capital": "", 
    "population": "6431", 
    "population_proper": "6431"
  }, 
  {
    "city": "Lennox Head", 
    "lat": "-28.7983", 
    "lng": "153.5844", 
    "country": "Australia", 
    "iso2": "AU", 
    "admin_name": "New South Wales", 
    "capital": "", 
    "population": "6407", 
    "population_proper": "6407"
  }, 
  {
    "city": "Seymour", 
    "lat": "-37.0300", 
    "lng": "145.1300", 
    "country": "Australia", 
    "iso2": "AU", 
    "admin_name": "Victoria", 
    "capital": "", 
    "population": "6327", 
    "population_proper": "6327"
  }, 
  {
    "city": "Nambucca Heads", 
    "lat": "-30.6414", 
    "lng": "152.9906", 
    "country": "Australia", 
    "iso2": "AU", 
    "admin_name": "New South Wales", 
    "capital": "", 
    "population": "6327", 
    "population_proper": "6327"
  }, 
  {
    "city": "Nuriootpa", 
    "lat": "-34.4667", 
    "lng": "138.9833", 
    "country": "Australia", 
    "iso2": "AU", 
    "admin_name": "South Australia", 
    "capital": "", 
    "population": "6314", 
    "population_proper": "6314"
  }, 
  {
    "city": "Wauchope", 
    "lat": "-31.4500", 
    "lng": "152.7333", 
    "country": "Australia", 
    "iso2": "AU", 
    "admin_name": "New South Wales", 
    "capital": "", 
    "population": "6312", 
    "population_proper": "6312"
  }, 
  {
    "city": "Tumut", 
    "lat": "-35.3039", 
    "lng": "148.2233", 
    "country": "Australia", 
    "iso2": "AU", 
    "admin_name": "New South Wales", 
    "capital": "", 
    "population": "6230", 
    "population_proper": "6230"
  }, 
  {
    "city": "Tuncurry", 
    "lat": "-32.1750", 
    "lng": "152.4989", 
    "country": "Australia", 
    "iso2": "AU", 
    "admin_name": "New South Wales", 
    "capital": "", 
    "population": "6186", 
    "population_proper": "6186"
  }, 
  {
    "city": "Glen Innes", 
    "lat": "-29.7317", 
    "lng": "151.7511", 
    "country": "Australia", 
    "iso2": "AU", 
    "admin_name": "New South Wales", 
    "capital": "", 
    "population": "6155", 
    "population_proper": "6155"
  }, 
  {
    "city": "Yamba", 
    "lat": "-29.4400", 
    "lng": "153.3594", 
    "country": "Australia", 
    "iso2": "AU", 
    "admin_name": "New South Wales", 
    "capital": "", 
    "population": "6076", 
    "population_proper": "6076"
  }, 
  {
    "city": "Lakes Entrance", 
    "lat": "-37.8667", 
    "lng": "147.9833", 
    "country": "Australia", 
    "iso2": "AU", 
    "admin_name": "Victoria", 
    "capital": "", 
    "population": "6071", 
    "population_proper": "6071"
  }, 
  {
    "city": "Kurri Kurri", 
    "lat": "-32.8167", 
    "lng": "151.4833", 
    "country": "Australia", 
    "iso2": "AU", 
    "admin_name": "New South Wales", 
    "capital": "", 
    "population": "6044", 
    "population_proper": "6044"
  }, 
  {
    "city": "Wynyard", 
    "lat": "-41.0000", 
    "lng": "145.7167", 
    "country": "Australia", 
    "iso2": "AU", 
    "admin_name": "Tasmania", 
    "capital": "", 
    "population": "6001", 
    "population_proper": "6001"
  }, 
  {
    "city": "North Mackay", 
    "lat": "-21.1216", 
    "lng": "149.1783", 
    "country": "Australia", 
    "iso2": "AU", 
    "admin_name": "Queensland", 
    "capital": "", 
    "population": "5933", 
    "population_proper": "5933"
  }, 
  {
    "city": "Dromana", 
    "lat": "-38.3380", 
    "lng": "144.9650", 
    "country": "Australia", 
    "iso2": "AU", 
    "admin_name": "Victoria", 
    "capital": "", 
    "population": "5803", 
    "population_proper": "5803"
  }, 
  {
    "city": "Mittagong", 
    "lat": "-34.4500", 
    "lng": "150.4500", 
    "country": "Australia", 
    "iso2": "AU", 
    "admin_name": "New South Wales", 
    "capital": "", 
    "population": "5767", 
    "population_proper": "5767"
  }, 
  {
    "city": "Alstonville", 
    "lat": "-28.8317", 
    "lng": "153.4344", 
    "country": "Australia", 
    "iso2": "AU", 
    "admin_name": "New South Wales", 
    "capital": "", 
    "population": "5739", 
    "population_proper": "5739"
  }, 
  {
    "city": "Stawell", 
    "lat": "-37.0500", 
    "lng": "142.7667", 
    "country": "Australia", 
    "iso2": "AU", 
    "admin_name": "Victoria", 
    "capital": "", 
    "population": "5736", 
    "population_proper": "5736"
  }, 
  {
    "city": "Cannonvale", 
    "lat": "-20.2787", 
    "lng": "148.6994", 
    "country": "Australia", 
    "iso2": "AU", 
    "admin_name": "Queensland", 
    "capital": "", 
    "population": "5716", 
    "population_proper": "5716"
  }, 
  {
    "city": "Point Vernon", 
    "lat": "-25.2538", 
    "lng": "152.8177", 
    "country": "Australia", 
    "iso2": "AU", 
    "admin_name": "Queensland", 
    "capital": "", 
    "population": "5699", 
    "population_proper": "5699"
  }, 
  {
    "city": "Leongatha", 
    "lat": "-38.4833", 
    "lng": "145.9500", 
    "country": "Australia", 
    "iso2": "AU", 
    "admin_name": "Victoria", 
    "capital": "", 
    "population": "5654", 
    "population_proper": "5654"
  }, 
  {
    "city": "Scone", 
    "lat": "-32.0483", 
    "lng": "150.8678", 
    "country": "Australia", 
    "iso2": "AU", 
    "admin_name": "New South Wales", 
    "capital": "", 
    "population": "5624", 
    "population_proper": "5624"
  }, 
  {
    "city": "Whittlesea", 
    "lat": "-37.5139", 
    "lng": "145.1140", 
    "country": "Australia", 
    "iso2": "AU", 
    "admin_name": "Victoria", 
    "capital": "", 
    "population": "5611", 
    "population_proper": "5611"
  }, 
  {
    "city": "Corowa", 
    "lat": "-35.9942", 
    "lng": "146.3844", 
    "country": "Australia", 
    "iso2": "AU", 
    "admin_name": "New South Wales", 
    "capital": "", 
    "population": "5482", 
    "population_proper": "5482"
  }, 
  {
    "city": "Richmond", 
    "lat": "-33.5983", 
    "lng": "150.7511", 
    "country": "Australia", 
    "iso2": "AU", 
    "admin_name": "New South Wales", 
    "capital": "", 
    "population": "5482", 
    "population_proper": "5418"
  }, 
  {
    "city": "Cooranbong", 
    "lat": "-33.0740", 
    "lng": "151.4510", 
    "country": "Australia", 
    "iso2": "AU", 
    "admin_name": "New South Wales", 
    "capital": "", 
    "population": "5449", 
    "population_proper": "5449"
  }, 
  {
    "city": "Inverloch", 
    "lat": "-38.6334", 
    "lng": "145.7278", 
    "country": "Australia", 
    "iso2": "AU", 
    "admin_name": "Victoria", 
    "capital": "", 
    "population": "5437", 
    "population_proper": "5437"
  }, 
  {
    "city": "New Norfolk", 
    "lat": "-42.7828", 
    "lng": "147.0594", 
    "country": "Australia", 
    "iso2": "AU", 
    "admin_name": "Tasmania", 
    "capital": "", 
    "population": "5432", 
    "population_proper": "5432"
  }, 
  {
    "city": "Wingham", 
    "lat": "-31.8500", 
    "lng": "152.3670", 
    "country": "Australia", 
    "iso2": "AU", 
    "admin_name": "New South Wales", 
    "capital": "", 
    "population": "5374", 
    "population_proper": "5374"
  }, 
  {
    "city": "Woolgoolga", 
    "lat": "-30.1150", 
    "lng": "153.2011", 
    "country": "Australia", 
    "iso2": "AU", 
    "admin_name": "New South Wales", 
    "capital": "", 
    "population": "5290", 
    "population_proper": "5290"
  }, 
  {
    "city": "Maffra", 
    "lat": "-37.9500", 
    "lng": "146.9830", 
    "country": "Australia", 
    "iso2": "AU", 
    "admin_name": "Victoria", 
    "capital": "", 
    "population": "5280", 
    "population_proper": "5280"
  }, 
  {
    "city": "Lithgow", 
    "lat": "-33.4833", 
    "lng": "150.1500", 
    "country": "Australia", 
    "iso2": "AU", 
    "admin_name": "New South Wales", 
    "capital": "", 
    "population": "5201", 
    "population_proper": "4956"
  }, 
  {
    "city": "Millicent", 
    "lat": "-37.5967", 
    "lng": "140.3524", 
    "country": "Australia", 
    "iso2": "AU", 
    "admin_name": "South Australia", 
    "capital": "", 
    "population": "5109", 
    "population_proper": "5109"
  }, 
  {
    "city": "Worragee", 
    "lat": "-34.9144", 
    "lng": "150.6386", 
    "country": "Australia", 
    "iso2": "AU", 
    "admin_name": "New South Wales", 
    "capital": "", 
    "population": "5068", 
    "population_proper": "5068"
  }, 
  {
    "city": "Tahmoor", 
    "lat": "-34.2233", 
    "lng": "150.5928", 
    "country": "Australia", 
    "iso2": "AU", 
    "admin_name": "New South Wales", 
    "capital": "", 
    "population": "5067", 
    "population_proper": "5067"
  }, 
  {
    "city": "Red Cliffs", 
    "lat": "-34.3075", 
    "lng": "142.1881", 
    "country": "Australia", 
    "iso2": "AU", 
    "admin_name": "Victoria", 
    "capital": "", 
    "population": "5060", 
    "population_proper": "5060"
  }, 
  {
    "city": "Glenbrook", 
    "lat": "-33.7650", 
    "lng": "150.6267", 
    "country": "Australia", 
    "iso2": "AU", 
    "admin_name": "New South Wales", 
    "capital": "", 
    "population": "5051", 
    "population_proper": "5051"
  }, 
  {
    "city": "Nairne", 
    "lat": "-35.0333", 
    "lng": "138.9167", 
    "country": "Australia", 
    "iso2": "AU", 
    "admin_name": "South Australia", 
    "capital": "", 
    "population": "5042", 
    "population_proper": "5042"
  }, 
  {
    "city": "Kiama Downs", 
    "lat": "-34.6317", 
    "lng": "150.8511", 
    "country": "Australia", 
    "iso2": "AU", 
    "admin_name": "New South Wales", 
    "capital": "", 
    "population": "5004", 
    "population_proper": "5004"
  }, 
  {
    "city": "Hazelbrook", 
    "lat": "-33.7250", 
    "lng": "150.4572", 
    "country": "Australia", 
    "iso2": "AU", 
    "admin_name": "New South Wales", 
    "capital": "", 
    "population": "4974", 
    "population_proper": "4974"
  }, 
  {
    "city": "Encounter Bay", 
    "lat": "-35.5742", 
    "lng": "138.6005", 
    "country": "Australia", 
    "iso2": "AU", 
    "admin_name": "South Australia", 
    "capital": "", 
    "population": "4901", 
    "population_proper": "4901"
  }, 
  {
    "city": "Boulder", 
    "lat": "-30.7819", 
    "lng": "121.4886", 
    "country": "Australia", 
    "iso2": "AU", 
    "admin_name": "Western Australia", 
    "capital": "", 
    "population": "4825", 
    "population_proper": "4825"
  }, 
  {
    "city": "Picton", 
    "lat": "-34.1817", 
    "lng": "150.6011", 
    "country": "Australia", 
    "iso2": "AU", 
    "admin_name": "New South Wales", 
    "capital": "", 
    "population": "4816", 
    "population_proper": "4816"
  }, 
  {
    "city": "Albury", 
    "lat": "-36.0806", 
    "lng": "146.9158", 
    "country": "Australia", 
    "iso2": "AU", 
    "admin_name": "New South Wales", 
    "capital": "", 
    "population": "4804", 
    "population_proper": "4804"
  }, 
  {
    "city": "Mansfield", 
    "lat": "-37.0500", 
    "lng": "146.0830", 
    "country": "Australia", 
    "iso2": "AU", 
    "admin_name": "Victoria", 
    "capital": "", 
    "population": "4787", 
    "population_proper": "4787"
  }, 
  {
    "city": "Churchill", 
    "lat": "-38.3167", 
    "lng": "146.4170", 
    "country": "Australia", 
    "iso2": "AU", 
    "admin_name": "Victoria", 
    "capital": "", 
    "population": "4783", 
    "population_proper": "4783"
  }, 
  {
    "city": "Bucasia", 
    "lat": "-21.0311", 
    "lng": "149.1597", 
    "country": "Australia", 
    "iso2": "AU", 
    "admin_name": "Queensland", 
    "capital": "", 
    "population": "4771", 
    "population_proper": "4771"
  }, 
  {
    "city": "Temora", 
    "lat": "-34.4483", 
    "lng": "147.5344", 
    "country": "Australia", 
    "iso2": "AU", 
    "admin_name": "New South Wales", 
    "capital": "", 
    "population": "4693", 
    "population_proper": "4693"
  }, 
  {
    "city": "Renmark", 
    "lat": "-34.1741", 
    "lng": "140.7418", 
    "country": "Australia", 
    "iso2": "AU", 
    "admin_name": "South Australia", 
    "capital": "", 
    "population": "4634", 
    "population_proper": "4634"
  }, 
  {
    "city": "Tanunda", 
    "lat": "-34.5167", 
    "lng": "138.9667", 
    "country": "Australia", 
    "iso2": "AU", 
    "admin_name": "South Australia", 
    "capital": "", 
    "population": "4588", 
    "population_proper": "4588"
  }, 
  {
    "city": "Loxton", 
    "lat": "-34.4539", 
    "lng": "140.5669", 
    "country": "Australia", 
    "iso2": "AU", 
    "admin_name": "South Australia", 
    "capital": "", 
    "population": "4568", 
    "population_proper": "4568"
  }, 
  {
    "city": "Glenella", 
    "lat": "-21.1197", 
    "lng": "149.1542", 
    "country": "Australia", 
    "iso2": "AU", 
    "admin_name": "Queensland", 
    "capital": "", 
    "population": "4519", 
    "population_proper": "4519"
  }, 
  {
    "city": "Numurkah", 
    "lat": "-36.0833", 
    "lng": "145.4333", 
    "country": "Australia", 
    "iso2": "AU", 
    "admin_name": "Victoria", 
    "capital": "", 
    "population": "4477", 
    "population_proper": "4477"
  }, 
  {
    "city": "Korumburra", 
    "lat": "-38.4333", 
    "lng": "145.8167", 
    "country": "Australia", 
    "iso2": "AU", 
    "admin_name": "Victoria", 
    "capital": "", 
    "population": "4469", 
    "population_proper": "4469"
  }, 
  {
    "city": "Rasmussen", 
    "lat": "-19.3497", 
    "lng": "146.7160", 
    "country": "Australia", 
    "iso2": "AU", 
    "admin_name": "Queensland", 
    "capital": "", 
    "population": "4456", 
    "population_proper": "4456"
  }, 
  {
    "city": "Tatura", 
    "lat": "-36.4401", 
    "lng": "145.2330", 
    "country": "Australia", 
    "iso2": "AU", 
    "admin_name": "Victoria", 
    "capital": "", 
    "population": "4448", 
    "population_proper": "4448"
  }, 
  {
    "city": "Old Bar", 
    "lat": "-31.9667", 
    "lng": "152.5830", 
    "country": "Australia", 
    "iso2": "AU", 
    "admin_name": "New South Wales", 
    "capital": "", 
    "population": "4389", 
    "population_proper": "4389"
  }, 
  {
    "city": "Narrandera", 
    "lat": "-34.7483", 
    "lng": "146.5511", 
    "country": "Australia", 
    "iso2": "AU", 
    "admin_name": "New South Wales", 
    "capital": "", 
    "population": "4375", 
    "population_proper": "4369"
  }, 
  {
    "city": "George Town", 
    "lat": "-41.1000", 
    "lng": "146.8167", 
    "country": "Australia", 
    "iso2": "AU", 
    "admin_name": "Tasmania", 
    "capital": "", 
    "population": "4347", 
    "population_proper": "4347"
  }, 
  {
    "city": "Wyong", 
    "lat": "-33.2820", 
    "lng": "151.4180", 
    "country": "Australia", 
    "iso2": "AU", 
    "admin_name": "New South Wales", 
    "capital": "", 
    "population": "4326", 
    "population_proper": "4326"
  }, 
  {
    "city": "Broadford", 
    "lat": "-37.2000", 
    "lng": "145.0670", 
    "country": "Australia", 
    "iso2": "AU", 
    "admin_name": "Victoria", 
    "capital": "", 
    "population": "4319", 
    "population_proper": "4319"
  }, 
  {
    "city": "Drysdale", 
    "lat": "-38.1667", 
    "lng": "144.5667", 
    "country": "Australia", 
    "iso2": "AU", 
    "admin_name": "Victoria", 
    "capital": "", 
    "population": "4275", 
    "population_proper": "4275"
  }, 
  {
    "city": "Cockatoo", 
    "lat": "-37.9350", 
    "lng": "145.4920", 
    "country": "Australia", 
    "iso2": "AU", 
    "admin_name": "Victoria", 
    "capital": "", 
    "population": "4256", 
    "population_proper": "4256"
  }, 
  {
    "city": "Victor Harbor", 
    "lat": "-35.5500", 
    "lng": "138.6167", 
    "country": "Australia", 
    "iso2": "AU", 
    "admin_name": "South Australia", 
    "capital": "", 
    "population": "4233", 
    "population_proper": "4233"
  }, 
  {
    "city": "Moama", 
    "lat": "-36.0983", 
    "lng": "144.7511", 
    "country": "Australia", 
    "iso2": "AU", 
    "admin_name": "New South Wales", 
    "capital": "", 
    "population": "4198", 
    "population_proper": "4198"
  }, 
  {
    "city": "Latrobe", 
    "lat": "-41.2464", 
    "lng": "146.4246", 
    "country": "Australia", 
    "iso2": "AU", 
    "admin_name": "Tasmania", 
    "capital": "", 
    "population": "4169", 
    "population_proper": "4169"
  }, 
  {
    "city": "Berri", 
    "lat": "-34.2833", 
    "lng": "140.6000", 
    "country": "Australia", 
    "iso2": "AU", 
    "admin_name": "South Australia", 
    "capital": "", 
    "population": "4088", 
    "population_proper": "4088"
  }, 
  {
    "city": "Wellington", 
    "lat": "-32.5483", 
    "lng": "148.9344", 
    "country": "Australia", 
    "iso2": "AU", 
    "admin_name": "New South Wales", 
    "capital": "", 
    "population": "4077", 
    "population_proper": "4077"
  }, 
  {
    "city": "Thirlmere", 
    "lat": "-34.2000", 
    "lng": "150.5667", 
    "country": "Australia", 
    "iso2": "AU", 
    "admin_name": "New South Wales", 
    "capital": "", 
    "population": "4046", 
    "population_proper": "4046"
  }, 
  {
    "city": "Legana", 
    "lat": "-41.3667", 
    "lng": "147.0500", 
    "country": "Australia", 
    "iso2": "AU", 
    "admin_name": "Tasmania", 
    "capital": "", 
    "population": "4029", 
    "population_proper": "4029"
  }, 
  {
    "city": "The Entrance", 
    "lat": "-33.3472", 
    "lng": "151.4960", 
    "country": "Australia", 
    "iso2": "AU", 
    "admin_name": "New South Wales", 
    "capital": "", 
    "population": "4006", 
    "population_proper": "4006"
  }, 
  {
    "city": "Cobar", 
    "lat": "-31.4997", 
    "lng": "145.8319", 
    "country": "Australia", 
    "iso2": "AU", 
    "admin_name": "New South Wales", 
    "capital": "", 
    "population": "3990", 
    "population_proper": "3603"
  }, 
  {
    "city": "Gerringong", 
    "lat": "-34.7483", 
    "lng": "150.8344", 
    "country": "Australia", 
    "iso2": "AU", 
    "admin_name": "New South Wales", 
    "capital": "", 
    "population": "3966", 
    "population_proper": "3966"
  }, 
  {
    "city": "Margate", 
    "lat": "-43.0294", 
    "lng": "147.2617", 
    "country": "Australia", 
    "iso2": "AU", 
    "admin_name": "Tasmania", 
    "capital": "", 
    "population": "3920", 
    "population_proper": "3920"
  }, 
  {
    "city": "Trafalgar", 
    "lat": "-38.2000", 
    "lng": "146.1500", 
    "country": "Australia", 
    "iso2": "AU", 
    "admin_name": "Victoria", 
    "capital": "", 
    "population": "3912", 
    "population_proper": "3912"
  }, 
  {
    "city": "Somerset", 
    "lat": "-41.0500", 
    "lng": "145.8333", 
    "country": "Australia", 
    "iso2": "AU", 
    "admin_name": "Tasmania", 
    "capital": "", 
    "population": "3903", 
    "population_proper": "3903"
  }, 
  {
    "city": "Kerang", 
    "lat": "-35.7167", 
    "lng": "143.9167", 
    "country": "Australia", 
    "iso2": "AU", 
    "admin_name": "Victoria", 
    "capital": "", 
    "population": "3893", 
    "population_proper": "3893"
  }, 
  {
    "city": "Roxby Downs", 
    "lat": "-30.5625", 
    "lng": "136.8785", 
    "country": "Australia", 
    "iso2": "AU", 
    "admin_name": "South Australia", 
    "capital": "", 
    "population": "3884", 
    "population_proper": "3671"
  }, 
  {
    "city": "Smithton", 
    "lat": "-40.8440", 
    "lng": "145.1200", 
    "country": "Australia", 
    "iso2": "AU", 
    "admin_name": "Tasmania", 
    "capital": "", 
    "population": "3881", 
    "population_proper": "3881"
  }, 
  {
    "city": "Longford", 
    "lat": "-41.5958", 
    "lng": "147.1220", 
    "country": "Australia", 
    "iso2": "AU", 
    "admin_name": "Tasmania", 
    "capital": "", 
    "population": "3863", 
    "population_proper": "3863"
  }, 
  {
    "city": "Beechworth", 
    "lat": "-36.3594", 
    "lng": "146.6869", 
    "country": "Australia", 
    "iso2": "AU", 
    "admin_name": "Victoria", 
    "capital": "", 
    "population": "3859", 
    "population_proper": "3859"
  }, 
  {
    "city": "Penguin", 
    "lat": "-41.1167", 
    "lng": "146.0708", 
    "country": "Australia", 
    "iso2": "AU", 
    "admin_name": "Tasmania", 
    "capital": "", 
    "population": "3849", 
    "population_proper": "3849"
  }, 
  {
    "city": "Anna Bay", 
    "lat": "-32.7817", 
    "lng": "152.0844", 
    "country": "Australia", 
    "iso2": "AU", 
    "admin_name": "New South Wales", 
    "capital": "", 
    "population": "3846", 
    "population_proper": "3846"
  }, 
  {
    "city": "McLaren Vale", 
    "lat": "-35.2198", 
    "lng": "138.5411", 
    "country": "Australia", 
    "iso2": "AU", 
    "admin_name": "South Australia", 
    "capital": "", 
    "population": "3842", 
    "population_proper": "3842"
  }, 
  {
    "city": "Pearcedale", 
    "lat": "-38.2030", 
    "lng": "145.2310", 
    "country": "Australia", 
    "iso2": "AU", 
    "admin_name": "Victoria", 
    "capital": "", 
    "population": "3821", 
    "population_proper": "3821"
  }, 
  {
    "city": "Peregian Beach", 
    "lat": "-26.4810", 
    "lng": "153.0960", 
    "country": "Australia", 
    "iso2": "AU", 
    "admin_name": "Queensland", 
    "capital": "", 
    "population": "3791", 
    "population_proper": "3791"
  }, 
  {
    "city": "Bellingen", 
    "lat": "-30.4483", 
    "lng": "152.9011", 
    "country": "Australia", 
    "iso2": "AU", 
    "admin_name": "New South Wales", 
    "capital": "", 
    "population": "3779", 
    "population_proper": "3779"
  }, 
  {
    "city": "Suffolk Park", 
    "lat": "-28.6983", 
    "lng": "153.6178", 
    "country": "Australia", 
    "iso2": "AU", 
    "admin_name": "New South Wales", 
    "capital": "", 
    "population": "3750", 
    "population_proper": "3750"
  }, 
  {
    "city": "Buninyong", 
    "lat": "-37.6503", 
    "lng": "143.8839", 
    "country": "Australia", 
    "iso2": "AU", 
    "admin_name": "Victoria", 
    "capital": "", 
    "population": "3714", 
    "population_proper": "3714"
  }, 
  {
    "city": "Weston", 
    "lat": "-32.8103", 
    "lng": "151.4561", 
    "country": "Australia", 
    "iso2": "AU", 
    "admin_name": "New South Wales", 
    "capital": "", 
    "population": "3693", 
    "population_proper": "3693"
  }, 
  {
    "city": "Sawtell", 
    "lat": "-30.3650", 
    "lng": "153.1011", 
    "country": "Australia", 
    "iso2": "AU", 
    "admin_name": "New South Wales", 
    "capital": "", 
    "population": "3682", 
    "population_proper": "3682"
  }, 
  {
    "city": "Silverdale", 
    "lat": "-33.9150", 
    "lng": "150.6094", 
    "country": "Australia", 
    "iso2": "AU", 
    "admin_name": "New South Wales", 
    "capital": "", 
    "population": "3682", 
    "population_proper": "3682"
  }, 
  {
    "city": "Bay View", 
    "lat": "-33.6592", 
    "lng": "151.2861", 
    "country": "Australia", 
    "iso2": "AU", 
    "admin_name": "New South Wales", 
    "capital": "", 
    "population": "3620", 
    "population_proper": "3620"
  }, 
  {
    "city": "Lismore", 
    "lat": "-28.8167", 
    "lng": "153.2833", 
    "country": "Australia", 
    "iso2": "AU", 
    "admin_name": "New South Wales", 
    "capital": "", 
    "population": "3579", 
    "population_proper": "3579"
  }, 
  {
    "city": "Koo-Wee-Rup", 
    "lat": "-38.1980", 
    "lng": "145.4890", 
    "country": "Australia", 
    "iso2": "AU", 
    "admin_name": "Victoria", 
    "capital": "", 
    "population": "3579", 
    "population_proper": "3579"
  }, 
  {
    "city": "Merimbula", 
    "lat": "-36.8983", 
    "lng": "149.9011", 
    "country": "Australia", 
    "iso2": "AU", 
    "admin_name": "New South Wales", 
    "capital": "", 
    "population": "3544", 
    "population_proper": "3544"
  }, 
  {
    "city": "Scarness", 
    "lat": "-25.2833", 
    "lng": "152.8500", 
    "country": "Australia", 
    "iso2": "AU", 
    "admin_name": "Queensland", 
    "capital": "", 
    "population": "3519", 
    "population_proper": "3519"
  }, 
  {
    "city": "Lake Cathie", 
    "lat": "-31.5483", 
    "lng": "152.8511", 
    "country": "Australia", 
    "iso2": "AU", 
    "admin_name": "New South Wales", 
    "capital": "", 
    "population": "3494", 
    "population_proper": "3494"
  }, 
  {
    "city": "Condobolin", 
    "lat": "-33.0650", 
    "lng": "147.1511", 
    "country": "Australia", 
    "iso2": "AU", 
    "admin_name": "New South Wales", 
    "capital": "", 
    "population": "3486", 
    "population_proper": "3185"
  }, 
  {
    "city": "Paynesville", 
    "lat": "-37.9167", 
    "lng": "147.7167", 
    "country": "Australia", 
    "iso2": "AU", 
    "admin_name": "Victoria", 
    "capital": "", 
    "population": "3480", 
    "population_proper": "3480"
  }, 
  {
    "city": "Maddingley", 
    "lat": "-37.6864", 
    "lng": "144.4336", 
    "country": "Australia", 
    "iso2": "AU", 
    "admin_name": "Victoria", 
    "capital": "", 
    "population": "3453", 
    "population_proper": "3453"
  }, 
  {
    "city": "Hurstbridge", 
    "lat": "-37.6389", 
    "lng": "145.1950", 
    "country": "Australia", 
    "iso2": "AU", 
    "admin_name": "Victoria", 
    "capital": "", 
    "population": "3450", 
    "population_proper": "3450"
  }, 
  {
    "city": "Quirindi", 
    "lat": "-31.4983", 
    "lng": "150.6844", 
    "country": "Australia", 
    "iso2": "AU", 
    "admin_name": "New South Wales", 
    "capital": "", 
    "population": "3444", 
    "population_proper": "3355"
  }, 
  {
    "city": "Blayney", 
    "lat": "-33.5317", 
    "lng": "149.2511", 
    "country": "Australia", 
    "iso2": "AU", 
    "admin_name": "New South Wales", 
    "capital": "", 
    "population": "3378", 
    "population_proper": "3378"
  }, 
  {
    "city": "Camperdown", 
    "lat": "-38.2360", 
    "lng": "143.1450", 
    "country": "Australia", 
    "iso2": "AU", 
    "admin_name": "Victoria", 
    "capital": "", 
    "population": "3369", 
    "population_proper": "3354"
  }, 
  {
    "city": "Aldgate", 
    "lat": "-35.0153", 
    "lng": "138.7360", 
    "country": "Australia", 
    "iso2": "AU", 
    "admin_name": "South Australia", 
    "capital": "", 
    "population": "3361", 
    "population_proper": "3361"
  }, 
  {
    "city": "Port Fairy", 
    "lat": "-38.3840", 
    "lng": "142.2350", 
    "country": "Australia", 
    "iso2": "AU", 
    "admin_name": "Victoria", 
    "capital": "", 
    "population": "3340", 
    "population_proper": "3340"
  }, 
  {
    "city": "Vincentia", 
    "lat": "-35.0758", 
    "lng": "150.6742", 
    "country": "Australia", 
    "iso2": "AU", 
    "admin_name": "New South Wales", 
    "capital": "", 
    "population": "3290", 
    "population_proper": "3290"
  }, 
  {
    "city": "Euroa", 
    "lat": "-36.7500", 
    "lng": "145.5670", 
    "country": "Australia", 
    "iso2": "AU", 
    "admin_name": "Victoria", 
    "capital": "", 
    "population": "3275", 
    "population_proper": "3275"
  }, 
  {
    "city": "Marcoola", 
    "lat": "-26.5833", 
    "lng": "153.0830", 
    "country": "Australia", 
    "iso2": "AU", 
    "admin_name": "Queensland", 
    "capital": "", 
    "population": "3173", 
    "population_proper": "3173"
  }, 
  {
    "city": "Mullumbimby", 
    "lat": "-28.5500", 
    "lng": "153.5000", 
    "country": "Australia", 
    "iso2": "AU", 
    "admin_name": "New South Wales", 
    "capital": "", 
    "population": "3172", 
    "population_proper": "3172"
  }, 
  {
    "city": "Tura Beach", 
    "lat": "-36.8483", 
    "lng": "149.9261", 
    "country": "Australia", 
    "iso2": "AU", 
    "admin_name": "New South Wales", 
    "capital": "", 
    "population": "3158", 
    "population_proper": "3158"
  }, 
  {
    "city": "Eden", 
    "lat": "-37.0650", 
    "lng": "149.9011", 
    "country": "Australia", 
    "iso2": "AU", 
    "admin_name": "New South Wales", 
    "capital": "", 
    "population": "3151", 
    "population_proper": "3151"
  }, 
  {
    "city": "West Wyalong", 
    "lat": "-33.9317", 
    "lng": "147.2011", 
    "country": "Australia", 
    "iso2": "AU", 
    "admin_name": "New South Wales", 
    "capital": "", 
    "population": "3141", 
    "population_proper": "3037"
  }, 
  {
    "city": "Gilgandra", 
    "lat": "-31.7067", 
    "lng": "148.6678", 
    "country": "Australia", 
    "iso2": "AU", 
    "admin_name": "New South Wales", 
    "capital": "", 
    "population": "3126", 
    "population_proper": "2983"
  }, 
  {
    "city": "Robinvale", 
    "lat": "-34.5833", 
    "lng": "142.7667", 
    "country": "Australia", 
    "iso2": "AU", 
    "admin_name": "Victoria", 
    "capital": "", 
    "population": "3088", 
    "population_proper": "3088"
  }, 
  {
    "city": "Wilton", 
    "lat": "-34.2400", 
    "lng": "150.7011", 
    "country": "Australia", 
    "iso2": "AU", 
    "admin_name": "New South Wales", 
    "capital": "", 
    "population": "3080", 
    "population_proper": "3080"
  }, 
  {
    "city": "Riverview", 
    "lat": "-27.5928", 
    "lng": "152.8480", 
    "country": "Australia", 
    "iso2": "AU", 
    "admin_name": "Queensland", 
    "capital": "", 
    "population": "3073", 
    "population_proper": "3067"
  }, 
  {
    "city": "Bogangar", 
    "lat": "-28.3317", 
    "lng": "153.5594", 
    "country": "Australia", 
    "iso2": "AU", 
    "admin_name": "New South Wales", 
    "capital": "", 
    "population": "3060", 
    "population_proper": "3060"
  }, 
  {
    "city": "Shoalhaven Heads", 
    "lat": "-34.8500", 
    "lng": "150.7417", 
    "country": "Australia", 
    "iso2": "AU", 
    "admin_name": "New South Wales", 
    "capital": "", 
    "population": "3059", 
    "population_proper": "3059"
  }, 
  {
    "city": "Urunga", 
    "lat": "-30.4983", 
    "lng": "153.0178", 
    "country": "Australia", 
    "iso2": "AU", 
    "admin_name": "New South Wales", 
    "capital": "", 
    "population": "3000", 
    "population_proper": "3000"
  }, 
  {
    "city": "Bonny Hills", 
    "lat": "-31.5817", 
    "lng": "152.8344", 
    "country": "Australia", 
    "iso2": "AU", 
    "admin_name": "New South Wales", 
    "capital": "", 
    "population": "2971", 
    "population_proper": "2971"
  }, 
  {
    "city": "Stirling", 
    "lat": "-35.0022", 
    "lng": "138.7060", 
    "country": "Australia", 
    "iso2": "AU", 
    "admin_name": "South Australia", 
    "capital": "", 
    "population": "2966", 
    "population_proper": "2966"
  }, 
  {
    "city": "Perth", 
    "lat": "-41.5731", 
    "lng": "147.1714", 
    "country": "Australia", 
    "iso2": "AU", 
    "admin_name": "Tasmania", 
    "capital": "", 
    "population": "2965", 
    "population_proper": "2965"
  }, 
  {
    "city": "Barmera", 
    "lat": "-34.2500", 
    "lng": "140.4667", 
    "country": "Australia", 
    "iso2": "AU", 
    "admin_name": "South Australia", 
    "capital": "", 
    "population": "2954", 
    "population_proper": "2884"
  }, 
  {
    "city": "Kapunda", 
    "lat": "-34.3389", 
    "lng": "138.9167", 
    "country": "Australia", 
    "iso2": "AU", 
    "admin_name": "South Australia", 
    "capital": "", 
    "population": "2947", 
    "population_proper": "2947"
  }, 
  {
    "city": "Thursday Island", 
    "lat": "-10.5850", 
    "lng": "142.2205", 
    "country": "Australia", 
    "iso2": "AU", 
    "admin_name": "Queensland", 
    "capital": "", 
    "population": "2940", 
    "population_proper": "2805"
  }, 
  {
    "city": "Terranora", 
    "lat": "-28.2456", 
    "lng": "153.5025", 
    "country": "Australia", 
    "iso2": "AU", 
    "admin_name": "New South Wales", 
    "capital": "", 
    "population": "2926", 
    "population_proper": "2926"
  }, 
  {
    "city": "Woori Yallock", 
    "lat": "-37.7780", 
    "lng": "145.5280", 
    "country": "Australia", 
    "iso2": "AU", 
    "admin_name": "Victoria", 
    "capital": "", 
    "population": "2913", 
    "population_proper": "2913"
  }, 
  {
    "city": "Saint Georges Basin", 
    "lat": "-35.1300", 
    "lng": "150.6269", 
    "country": "Australia", 
    "iso2": "AU", 
    "admin_name": "New South Wales", 
    "capital": "", 
    "population": "2913", 
    "population_proper": "2913"
  }, 
  {
    "city": "Tea Gardens", 
    "lat": "-32.6272", 
    "lng": "152.1700", 
    "country": "Australia", 
    "iso2": "AU", 
    "admin_name": "New South Wales", 
    "capital": "", 
    "population": "2884", 
    "population_proper": "2884"
  }, 
  {
    "city": "Culburra", 
    "lat": "-34.9347", 
    "lng": "150.7539", 
    "country": "Australia", 
    "iso2": "AU", 
    "admin_name": "New South Wales", 
    "capital": "", 
    "population": "2874", 
    "population_proper": "2874"
  }, 
  {
    "city": "Yarra Glen", 
    "lat": "-37.6489", 
    "lng": "145.3719", 
    "country": "Australia", 
    "iso2": "AU", 
    "admin_name": "Victoria", 
    "capital": "", 
    "population": "2869", 
    "population_proper": "2869"
  }, 
  {
    "city": "Beaconsfield Upper", 
    "lat": "-37.9960", 
    "lng": "145.4150", 
    "country": "Australia", 
    "iso2": "AU", 
    "admin_name": "Victoria", 
    "capital": "", 
    "population": "2861", 
    "population_proper": "2861"
  }, 
  {
    "city": "Deloraine", 
    "lat": "-41.5333", 
    "lng": "146.6667", 
    "country": "Australia", 
    "iso2": "AU", 
    "admin_name": "Tasmania", 
    "capital": "", 
    "population": "2848", 
    "population_proper": "2848"
  }, 
  {
    "city": "Greta", 
    "lat": "-32.6872", 
    "lng": "151.3844", 
    "country": "Australia", 
    "iso2": "AU", 
    "admin_name": "New South Wales", 
    "capital": "", 
    "population": "2830", 
    "population_proper": "2830"
  }, 
  {
    "city": "North Wonthaggi", 
    "lat": "-38.6000", 
    "lng": "145.6000", 
    "country": "Australia", 
    "iso2": "AU", 
    "admin_name": "Victoria", 
    "capital": "", 
    "population": "2806", 
    "population_proper": "2806"
  }, 
  {
    "city": "Howlong", 
    "lat": "-35.9667", 
    "lng": "146.6333", 
    "country": "Australia", 
    "iso2": "AU", 
    "admin_name": "New South Wales", 
    "capital": "", 
    "population": "2777", 
    "population_proper": "2777"
  }, 
  {
    "city": "Williamstown", 
    "lat": "-34.6721", 
    "lng": "138.8884", 
    "country": "Australia", 
    "iso2": "AU", 
    "admin_name": "South Australia", 
    "capital": "", 
    "population": "2755", 
    "population_proper": "2755"
  }, 
  {
    "city": "Waikerie", 
    "lat": "-34.1667", 
    "lng": "139.9833", 
    "country": "Australia", 
    "iso2": "AU", 
    "admin_name": "South Australia", 
    "capital": "", 
    "population": "2684", 
    "population_proper": "2681"
  }, 
  {
    "city": "Hill Top", 
    "lat": "-34.3525", 
    "lng": "150.4917", 
    "country": "Australia", 
    "iso2": "AU", 
    "admin_name": "New South Wales", 
    "capital": "", 
    "population": "2674", 
    "population_proper": "2674"
  }, 
  {
    "city": "Hahndorf", 
    "lat": "-35.0303", 
    "lng": "138.8076", 
    "country": "Australia", 
    "iso2": "AU", 
    "admin_name": "South Australia", 
    "capital": "", 
    "population": "2670", 
    "population_proper": "2670"
  }, 
  {
    "city": "Jindabyne", 
    "lat": "-36.4150", 
    "lng": "148.6178", 
    "country": "Australia", 
    "iso2": "AU", 
    "admin_name": "New South Wales", 
    "capital": "", 
    "population": "2629", 
    "population_proper": "2629"
  }, 
  {
    "city": "Lawson", 
    "lat": "-33.7178", 
    "lng": "150.4322", 
    "country": "Australia", 
    "iso2": "AU", 
    "admin_name": "New South Wales", 
    "capital": "", 
    "population": "2614", 
    "population_proper": "2614"
  }, 
  {
    "city": "Woodside", 
    "lat": "-34.9531", 
    "lng": "138.8742", 
    "country": "Australia", 
    "iso2": "AU", 
    "admin_name": "South Australia", 
    "capital": "", 
    "population": "2608", 
    "population_proper": "2608"
  }, 
  {
    "city": "Narooma", 
    "lat": "-36.2150", 
    "lng": "150.1344", 
    "country": "Australia", 
    "iso2": "AU", 
    "admin_name": "New South Wales", 
    "capital": "", 
    "population": "2605", 
    "population_proper": "2605"
  }, 
  {
    "city": "Grenfell", 
    "lat": "-33.9097", 
    "lng": "148.1950", 
    "country": "Australia", 
    "iso2": "AU", 
    "admin_name": "New South Wales", 
    "capital": "", 
    "population": "2573", 
    "population_proper": "2573"
  }, 
  {
    "city": "Manilla", 
    "lat": "-30.7483", 
    "lng": "150.7178", 
    "country": "Australia", 
    "iso2": "AU", 
    "admin_name": "New South Wales", 
    "capital": "", 
    "population": "2550", 
    "population_proper": "2386"
  }, 
  {
    "city": "Daylesford", 
    "lat": "-37.3500", 
    "lng": "144.1500", 
    "country": "Australia", 
    "iso2": "AU", 
    "admin_name": "Victoria", 
    "capital": "", 
    "population": "2548", 
    "population_proper": "2548"
  }, 
  {
    "city": "Lobethal", 
    "lat": "-34.9000", 
    "lng": "138.8667", 
    "country": "Australia", 
    "iso2": "AU", 
    "admin_name": "South Australia", 
    "capital": "", 
    "population": "2527", 
    "population_proper": "2527"
  }, 
  {
    "city": "The Oaks", 
    "lat": "-34.0817", 
    "lng": "150.5678", 
    "country": "Australia", 
    "iso2": "AU", 
    "admin_name": "New South Wales", 
    "capital": "", 
    "population": "2525", 
    "population_proper": "2525"
  }, 
  {
    "city": "Aberdare", 
    "lat": "-32.8428", 
    "lng": "151.3803", 
    "country": "Australia", 
    "iso2": "AU", 
    "admin_name": "New South Wales", 
    "capital": "", 
    "population": "2473", 
    "population_proper": "2473"
  }, 
  {
    "city": "Dodges Ferry", 
    "lat": "-42.8539", 
    "lng": "147.6194", 
    "country": "Australia", 
    "iso2": "AU", 
    "admin_name": "Tasmania", 
    "capital": "", 
    "population": "2467", 
    "population_proper": "2467"
  }, 
  {
    "city": "Launching Place", 
    "lat": "-37.7806", 
    "lng": "145.5683", 
    "country": "Australia", 
    "iso2": "AU", 
    "admin_name": "Victoria", 
    "capital": "", 
    "population": "2394", 
    "population_proper": "2394"
  }, 
  {
    "city": "Rutherglen", 
    "lat": "-36.0556", 
    "lng": "146.4625", 
    "country": "Australia", 
    "iso2": "AU", 
    "admin_name": "Victoria", 
    "capital": "", 
    "population": "2378", 
    "population_proper": "2378"
  }, 
  {
    "city": "Goolwa", 
    "lat": "-35.5000", 
    "lng": "138.7667", 
    "country": "Australia", 
    "iso2": "AU", 
    "admin_name": "South Australia", 
    "capital": "", 
    "population": "2350", 
    "population_proper": "2350"
  }, 
  {
    "city": "Willunga", 
    "lat": "-35.2740", 
    "lng": "138.5535", 
    "country": "Australia", 
    "iso2": "AU", 
    "admin_name": "South Australia", 
    "capital": "", 
    "population": "2308", 
    "population_proper": "2308"
  }, 
  {
    "city": "Sandy Beach", 
    "lat": "-30.1483", 
    "lng": "153.2011", 
    "country": "Australia", 
    "iso2": "AU", 
    "admin_name": "New South Wales", 
    "capital": "", 
    "population": "2287", 
    "population_proper": "2287"
  }, 
  {
    "city": "Hadspen", 
    "lat": "-41.5000", 
    "lng": "147.0670", 
    "country": "Australia", 
    "iso2": "AU", 
    "admin_name": "Tasmania", 
    "capital": "", 
    "population": "2275", 
    "population_proper": "2275"
  }, 
  {
    "city": "Canowindra", 
    "lat": "-33.5667", 
    "lng": "148.6667", 
    "country": "Australia", 
    "iso2": "AU", 
    "admin_name": "New South Wales", 
    "capital": "", 
    "population": "2258", 
    "population_proper": "2258"
  }, 
  {
    "city": "Freeling", 
    "lat": "-34.4500", 
    "lng": "138.8000", 
    "country": "Australia", 
    "iso2": "AU", 
    "admin_name": "South Australia", 
    "capital": "", 
    "population": "2214", 
    "population_proper": "2214"
  }, 
  {
    "city": "Saint Arnaud", 
    "lat": "-36.6000", 
    "lng": "143.2500", 
    "country": "Australia", 
    "iso2": "AU", 
    "admin_name": "Victoria", 
    "capital": "", 
    "population": "2193", 
    "population_proper": "2193"
  }, 
  {
    "city": "Baxter", 
    "lat": "-38.2000", 
    "lng": "145.1500", 
    "country": "Australia", 
    "iso2": "AU", 
    "admin_name": "Victoria", 
    "capital": "", 
    "population": "2162", 
    "population_proper": "2162"
  }, 
  {
    "city": "Walgett", 
    "lat": "-30.0167", 
    "lng": "148.1167", 
    "country": "Australia", 
    "iso2": "AU", 
    "admin_name": "New South Wales", 
    "capital": "", 
    "population": "2145", 
    "population_proper": "1824"
  }, 
  {
    "city": "Esperance", 
    "lat": "-33.8611", 
    "lng": "121.8919", 
    "country": "Australia", 
    "iso2": "AU", 
    "admin_name": "Western Australia", 
    "capital": "", 
    "population": "2144", 
    "population_proper": "2080"
  }, 
  {
    "city": "Yarram", 
    "lat": "-38.5500", 
    "lng": "146.6667", 
    "country": "Australia", 
    "iso2": "AU", 
    "admin_name": "Victoria", 
    "capital": "", 
    "population": "2135", 
    "population_proper": "2135"
  }, 
  {
    "city": "Heddon Greta", 
    "lat": "-32.8019", 
    "lng": "151.5133", 
    "country": "Australia", 
    "iso2": "AU", 
    "admin_name": "New South Wales", 
    "capital": "", 
    "population": "2047", 
    "population_proper": "2047"
  }, 
  {
    "city": "Freshwater", 
    "lat": "-16.8833", 
    "lng": "145.7170", 
    "country": "Australia", 
    "iso2": "AU", 
    "admin_name": "Queensland", 
    "capital": "", 
    "population": "2023", 
    "population_proper": "2023"
  }, 
  {
    "city": "Bangalow", 
    "lat": "-28.6817", 
    "lng": "153.5178", 
    "country": "Australia", 
    "iso2": "AU", 
    "admin_name": "New South Wales", 
    "capital": "", 
    "population": "2021", 
    "population_proper": "2021"
  }, 
  {
    "city": "Orbost", 
    "lat": "-37.7000", 
    "lng": "148.4500", 
    "country": "Australia", 
    "iso2": "AU", 
    "admin_name": "Victoria", 
    "capital": "", 
    "population": "2014", 
    "population_proper": "2014"
  }, 
  {
    "city": "Westbury", 
    "lat": "-41.5167", 
    "lng": "146.8500", 
    "country": "Australia", 
    "iso2": "AU", 
    "admin_name": "Tasmania", 
    "capital": "", 
    "population": "2006", 
    "population_proper": "2006"
  }, 
  {
    "city": "Lyndoch", 
    "lat": "-34.6037", 
    "lng": "138.8866", 
    "country": "Australia", 
    "iso2": "AU", 
    "admin_name": "South Australia", 
    "capital": "", 
    "population": "2000", 
    "population_proper": "2000"
  }, 
  {
    "city": "Camden Haven", 
    "lat": "-31.6483", 
    "lng": "152.8011", 
    "country": "Australia", 
    "iso2": "AU", 
    "admin_name": "New South Wales", 
    "capital": "", 
    "population": "1986", 
    "population_proper": "1986"
  }, 
  {
    "city": "Wallerawang", 
    "lat": "-33.4067", 
    "lng": "150.0678", 
    "country": "Australia", 
    "iso2": "AU", 
    "admin_name": "New South Wales", 
    "capital": "", 
    "population": "1980", 
    "population_proper": "1980"
  }, 
  {
    "city": "Wattleglen", 
    "lat": "-37.6667", 
    "lng": "145.1833", 
    "country": "Australia", 
    "iso2": "AU", 
    "admin_name": "Victoria", 
    "capital": "", 
    "population": "1961", 
    "population_proper": "1911"
  }, 
  {
    "city": "Bourke", 
    "lat": "-30.1000", 
    "lng": "145.9333", 
    "country": "Australia", 
    "iso2": "AU", 
    "admin_name": "New South Wales", 
    "capital": "", 
    "population": "1909", 
    "population_proper": "1699"
  }, 
  {
    "city": "Mulwala", 
    "lat": "-35.9817", 
    "lng": "146.0011", 
    "country": "Australia", 
    "iso2": "AU", 
    "admin_name": "New South Wales", 
    "capital": "", 
    "population": "1904", 
    "population_proper": "1904"
  }, 
  {
    "city": "Windsor", 
    "lat": "-33.6114", 
    "lng": "150.8133", 
    "country": "Australia", 
    "iso2": "AU", 
    "admin_name": "New South Wales", 
    "capital": "", 
    "population": "1891", 
    "population_proper": "1891"
  }, 
  {
    "city": "Nathalia", 
    "lat": "-36.0583", 
    "lng": "145.2040", 
    "country": "Australia", 
    "iso2": "AU", 
    "admin_name": "Victoria", 
    "capital": "", 
    "population": "1880", 
    "population_proper": "1880"
  }, 
  {
    "city": "Oakdale", 
    "lat": "-34.0817", 
    "lng": "150.5011", 
    "country": "Australia", 
    "iso2": "AU", 
    "admin_name": "New South Wales", 
    "capital": "", 
    "population": "1843", 
    "population_proper": "1843"
  }, 
  {
    "city": "Cobden", 
    "lat": "-38.3290", 
    "lng": "143.0710", 
    "country": "Australia", 
    "iso2": "AU", 
    "admin_name": "Victoria", 
    "capital": "", 
    "population": "1839", 
    "population_proper": "1804"
  }, 
  {
    "city": "Queenstown", 
    "lat": "-42.0667", 
    "lng": "145.5500", 
    "country": "Australia", 
    "iso2": "AU", 
    "admin_name": "Tasmania", 
    "capital": "", 
    "population": "1790", 
    "population_proper": "1790"
  }, 
  {
    "city": "Denman", 
    "lat": "-32.3817", 
    "lng": "150.6844", 
    "country": "Australia", 
    "iso2": "AU", 
    "admin_name": "New South Wales", 
    "capital": "", 
    "population": "1789", 
    "population_proper": "1789"
  }, 
  {
    "city": "Batehaven", 
    "lat": "-35.7317", 
    "lng": "150.2011", 
    "country": "Australia", 
    "iso2": "AU", 
    "admin_name": "New South Wales", 
    "capital": "", 
    "population": "1776", 
    "population_proper": "1776"
  }, 
  {
    "city": "Brunswick Heads", 
    "lat": "-28.5586", 
    "lng": "153.5447", 
    "country": "Australia", 
    "iso2": "AU", 
    "admin_name": "New South Wales", 
    "capital": "", 
    "population": "1737", 
    "population_proper": "1737"
  }, 
  {
    "city": "Tathra", 
    "lat": "-36.7317", 
    "lng": "149.9844", 
    "country": "Australia", 
    "iso2": "AU", 
    "admin_name": "New South Wales", 
    "capital": "", 
    "population": "1675", 
    "population_proper": "1527"
  }, 
  {
    "city": "Yarragon", 
    "lat": "-38.2000", 
    "lng": "146.0670", 
    "country": "Australia", 
    "iso2": "AU", 
    "admin_name": "Victoria", 
    "capital": "", 
    "population": "1650", 
    "population_proper": "1650"
  }, 
  {
    "city": "Yaroomba", 
    "lat": "-26.5500", 
    "lng": "153.1000", 
    "country": "Australia", 
    "iso2": "AU", 
    "admin_name": "Queensland", 
    "capital": "", 
    "population": "1623", 
    "population_proper": "1623"
  }, 
  {
    "city": "Curlewis", 
    "lat": "-38.1833", 
    "lng": "144.5000", 
    "country": "Australia", 
    "iso2": "AU", 
    "admin_name": "Victoria", 
    "capital": "", 
    "population": "1551", 
    "population_proper": "1551"
  }, 
  {
    "city": "Yallourn North", 
    "lat": "-38.1667", 
    "lng": "146.3670", 
    "country": "Australia", 
    "iso2": "AU", 
    "admin_name": "Victoria", 
    "capital": "", 
    "population": "1545", 
    "population_proper": "1511"
  }, 
  {
    "city": "Drummond Cove", 
    "lat": "-28.6730", 
    "lng": "114.6130", 
    "country": "Australia", 
    "iso2": "AU", 
    "admin_name": "Western Australia", 
    "capital": "", 
    "population": "1477", 
    "population_proper": "1477"
  }, 
  {
    "city": "Surfside", 
    "lat": "-35.6950", 
    "lng": "150.1997", 
    "country": "Australia", 
    "iso2": "AU", 
    "admin_name": "New South Wales", 
    "capital": "", 
    "population": "1371", 
    "population_proper": "1371"
  }, 
  {
    "city": "Evandale", 
    "lat": "-41.5833", 
    "lng": "147.2333", 
    "country": "Australia", 
    "iso2": "AU", 
    "admin_name": "Tasmania", 
    "capital": "", 
    "population": "1345", 
    "population_proper": "1265"
  }, 
  {
    "city": "Kurrajong Heights", 
    "lat": "-33.5500", 
    "lng": "150.6667", 
    "country": "Australia", 
    "iso2": "AU", 
    "admin_name": "New South Wales", 
    "capital": "", 
    "population": "1342", 
    "population_proper": "1255"
  }, 
  {
    "city": "Seven Mile Beach", 
    "lat": "-42.8586", 
    "lng": "147.5053", 
    "country": "Australia", 
    "iso2": "AU", 
    "admin_name": "Tasmania", 
    "capital": "", 
    "population": "1286", 
    "population_proper": "1286"
  }, 
  {
    "city": "San Remo", 
    "lat": "-38.5167", 
    "lng": "145.3667", 
    "country": "Australia", 
    "iso2": "AU", 
    "admin_name": "Victoria", 
    "capital": "", 
    "population": "1254", 
    "population_proper": "1254"
  }, 
  {
    "city": "Valley Heights", 
    "lat": "-33.7000", 
    "lng": "150.5833", 
    "country": "Australia", 
    "iso2": "AU", 
    "admin_name": "New South Wales", 
    "capital": "", 
    "population": "1211", 
    "population_proper": "1188"
  }, 
  {
    "city": "Greenwell Point", 
    "lat": "-34.9150", 
    "lng": "150.7344", 
    "country": "Australia", 
    "iso2": "AU", 
    "admin_name": "New South Wales", 
    "capital": "", 
    "population": "1209", 
    "population_proper": "1209"
  }, 
  {
    "city": "Innisfail", 
    "lat": "-17.5238", 
    "lng": "146.0311", 
    "country": "Australia", 
    "iso2": "AU", 
    "admin_name": "Queensland", 
    "capital": "", 
    "population": "1145", 
    "population_proper": "1091"
  }, 
  {
    "city": "Wahgunyah", 
    "lat": "-36.0000", 
    "lng": "146.3833", 
    "country": "Australia", 
    "iso2": "AU", 
    "admin_name": "Victoria", 
    "capital": "", 
    "population": "1098", 
    "population_proper": "1061"
  }, 
  {
    "city": "Tinonee", 
    "lat": "-31.9483", 
    "lng": "152.4178", 
    "country": "Australia", 
    "iso2": "AU", 
    "admin_name": "New South Wales", 
    "capital": "", 
    "population": "1092", 
    "population_proper": "1092"
  }, 
  {
    "city": "Mollymook", 
    "lat": "-35.3372", 
    "lng": "150.4667", 
    "country": "Australia", 
    "iso2": "AU", 
    "admin_name": "New South Wales", 
    "capital": "", 
    "population": "1083", 
    "population_proper": "1083"
  }
]